localizador,DS_CARGO,0
"ABATIÁ,PARANÁ",GOVERNADOR,RATINHO JUNIOR
"ABATIÁ,PARANÁ",SENADOR,SERGIO MORO
"ADRIANÓPOLIS,PARANÁ",GOVERNADOR,RATINHO JUNIOR
"ADRIANÓPOLIS,PARANÁ",SENADOR,ALVARO DIAS
"AGUDOS DO SUL,PARANÁ",GOVERNADOR,RATINHO JUNIOR
"AGUDOS DO SUL,PARANÁ",SENADOR,SERGIO MORO
"ALMIRANTE TAMANDARÉ,PARANÁ",GOVERNADOR,RATINHO JUNIOR
"ALMIRANTE TAMANDARÉ,PARANÁ",SENADOR,SERGIO MORO
"ALTAMIRA DO PARANÁ,PARANÁ",GOVERNADOR,RATINHO JUNIOR
"ALTAMIRA DO PARANÁ,PARANÁ",SENADOR,ALVARO DIAS
"ALTO PARANÁ,PARANÁ",GOVERNADOR,RATINHO JUNIOR
"ALTO PARANÁ,PARANÁ",SENADOR,SERGIO MORO
"ALTO PARAÍSO,PARANÁ",GOVERNADOR,RATINHO JUNIOR
"ALTO PARAÍSO,PARANÁ",SENADOR,SERGIO MORO
"ALTO PIQUIRI,PARANÁ",GOVERNADOR,RATINHO JUNIOR
"ALTO PIQUIRI,PARANÁ",SENADOR,PAULO MARTINS
"ALTÔNIA,PARANÁ",GOVERNADOR,RATINHO JUNIOR
"ALTÔNIA,PARANÁ",SENADOR,PAULO MARTINS
"ALVORADA DO SUL,PARANÁ",GOVERNADOR,RATINHO JUNIOR
"ALVORADA DO SUL,PARANÁ",SENADOR,PAULO MARTINS
"AMAPORÃ,PARANÁ",GOVERNADOR,RATINHO JUNIOR
"AMAPORÃ,PARANÁ",SENADOR,ALVARO DIAS
"AMPÉRE,PARANÁ",GOVERNADOR,REQUIÃO
"AMPÉRE,PARANÁ",SENADOR,ALVARO DIAS
"ANAHY,PARANÁ",GOVERNADOR,RATINHO JUNIOR
"ANAHY,PARANÁ",SENADOR,ALVARO DIAS
"ANDIRÁ,PARANÁ",GOVERNADOR,RATINHO JUNIOR
"ANDIRÁ,PARANÁ",SENADOR,PAULO MARTINS
"ANTONINA,PARANÁ",GOVERNADOR,RATINHO JUNIOR
"ANTONINA,PARANÁ",SENADOR,SERGIO MORO
"ANTONIO OLINTO,PARANÁ",GOVERNADOR,RATINHO JUNIOR
"ANTONIO OLINTO,PARANÁ",SENADOR,ALVARO DIAS
"APUCARANA,PARANÁ",GOVERNADOR,RATINHO JUNIOR
"APUCARANA,PARANÁ",SENADOR,SERGIO MORO
"ARAPONGAS,PARANÁ",GOVERNADOR,RATINHO JUNIOR
"ARAPONGAS,PARANÁ",SENADOR,PAULO MARTINS
"ARAPOTI,PARANÁ",GOVERNADOR,RATINHO JUNIOR
"ARAPOTI,PARANÁ",SENADOR,SERGIO MORO
"ARAPUÃ,PARANÁ",GOVERNADOR,RATINHO JUNIOR
"ARAPUÃ,PARANÁ",SENADOR,ALVARO DIAS
"ARARUNA,PARANÁ",GOVERNADOR,RATINHO JUNIOR
"ARARUNA,PARANÁ",SENADOR,ALVARO DIAS
"ARAUCÁRIA,PARANÁ",GOVERNADOR,RATINHO JUNIOR
"ARAUCÁRIA,PARANÁ",SENADOR,SERGIO MORO
"ARIRANHA DO IVAÍ,PARANÁ",GOVERNADOR,RATINHO JUNIOR
"ARIRANHA DO IVAÍ,PARANÁ",SENADOR,ALINE SLEUTJES
"ASSAÍ,PARANÁ",GOVERNADOR,RATINHO JUNIOR
"ASSAÍ,PARANÁ",SENADOR,SERGIO MORO
"ASSIS CHATEAUBRIAND,PARANÁ",GOVERNADOR,RATINHO JUNIOR
"ASSIS CHATEAUBRIAND,PARANÁ",SENADOR,PAULO MARTINS
"ASTORGA,PARANÁ",GOVERNADOR,RATINHO JUNIOR
"ASTORGA,PARANÁ",SENADOR,PAULO MARTINS
"ATALAIA,PARANÁ",GOVERNADOR,RATINHO JUNIOR
"ATALAIA,PARANÁ",SENADOR,ALINE SLEUTJES
"BALSA NOVA,PARANÁ",GOVERNADOR,RATINHO JUNIOR
"BALSA NOVA,PARANÁ",SENADOR,PAULO MARTINS
"BANDEIRANTES,PARANÁ",GOVERNADOR,RATINHO JUNIOR
"BANDEIRANTES,PARANÁ",SENADOR,PAULO MARTINS
"BARBOSA FERRAZ,PARANÁ",GOVERNADOR,RATINHO JUNIOR
"BARBOSA FERRAZ,PARANÁ",SENADOR,ALVARO DIAS
"BARRA DO JACARÉ,PARANÁ",GOVERNADOR,RATINHO JUNIOR
"BARRA DO JACARÉ,PARANÁ",SENADOR,ALVARO DIAS
"BARRACÃO,PARANÁ",GOVERNADOR,RATINHO JUNIOR
"BARRACÃO,PARANÁ",SENADOR,PAULO MARTINS
"BELA VISTA DA CAROBA,PARANÁ",GOVERNADOR,RATINHO JUNIOR
"BELA VISTA DA CAROBA,PARANÁ",SENADOR,ALVARO DIAS
"BELA VISTA DO PARAÍSO,PARANÁ",GOVERNADOR,RATINHO JUNIOR
"BELA VISTA DO PARAÍSO,PARANÁ",SENADOR,PAULO MARTINS
"BITURUNA,PARANÁ",GOVERNADOR,RATINHO JUNIOR
"BITURUNA,PARANÁ",SENADOR,ALVARO DIAS
"BOA ESPERANÇA DO IGUAÇU,PARANÁ",GOVERNADOR,RATINHO JUNIOR
"BOA ESPERANÇA DO IGUAÇU,PARANÁ",SENADOR,PAULO MARTINS
"BOA ESPERANÇA,PARANÁ",GOVERNADOR,RATINHO JUNIOR
"BOA ESPERANÇA,PARANÁ",SENADOR,PAULO MARTINS
"BOA VENTURA DE SÃO ROQUE,PARANÁ",GOVERNADOR,REQUIÃO
"BOA VENTURA DE SÃO ROQUE,PARANÁ",SENADOR,ROSANE FERREIRA
"BOA VISTA DA APARECIDA,PARANÁ",GOVERNADOR,RATINHO JUNIOR
"BOA VISTA DA APARECIDA,PARANÁ",SENADOR,ALVARO DIAS
"BOCAIÚVA DO SUL,PARANÁ",GOVERNADOR,RATINHO JUNIOR
"BOCAIÚVA DO SUL,PARANÁ",SENADOR,SERGIO MORO
"BOM JESUS DO SUL,PARANÁ",GOVERNADOR,RATINHO JUNIOR
"BOM JESUS DO SUL,PARANÁ",SENADOR,ALVARO DIAS
"BOM SUCESSO DO SUL,PARANÁ",GOVERNADOR,RATINHO JUNIOR
"BOM SUCESSO DO SUL,PARANÁ",SENADOR,PAULO MARTINS
"BOM SUCESSO,PARANÁ",GOVERNADOR,RATINHO JUNIOR
"BOM SUCESSO,PARANÁ",SENADOR,ALVARO DIAS
"BORRAZÓPOLIS,PARANÁ",GOVERNADOR,RATINHO JUNIOR
"BORRAZÓPOLIS,PARANÁ",SENADOR,SERGIO MORO
"BRAGANEY,PARANÁ",GOVERNADOR,RATINHO JUNIOR
"BRAGANEY,PARANÁ",SENADOR,PAULO MARTINS
"BRASILÂNDIA DO SUL,PARANÁ",GOVERNADOR,RATINHO JUNIOR
"BRASILÂNDIA DO SUL,PARANÁ",SENADOR,PAULO MARTINS
"CAFEARA,PARANÁ",GOVERNADOR,RATINHO JUNIOR
"CAFEARA,PARANÁ",SENADOR,PAULO MARTINS
"CAFELÂNDIA,PARANÁ",GOVERNADOR,RATINHO JUNIOR
"CAFELÂNDIA,PARANÁ",SENADOR,SERGIO MORO
"CAFEZAL DO SUL,PARANÁ",GOVERNADOR,RATINHO JUNIOR
"CAFEZAL DO SUL,PARANÁ",SENADOR,PAULO MARTINS
"CALIFÓRNIA,PARANÁ",GOVERNADOR,RATINHO JUNIOR
"CALIFÓRNIA,PARANÁ",SENADOR,SERGIO MORO
"CAMBARÁ,PARANÁ",GOVERNADOR,RATINHO JUNIOR
"CAMBARÁ,PARANÁ",SENADOR,PAULO MARTINS
"CAMBIRA,PARANÁ",GOVERNADOR,RATINHO JUNIOR
"CAMBIRA,PARANÁ",SENADOR,PAULO MARTINS
"CAMBÉ,PARANÁ",GOVERNADOR,RATINHO JUNIOR
"CAMBÉ,PARANÁ",SENADOR,SERGIO MORO
"CAMPINA DA LAGOA,PARANÁ",GOVERNADOR,RATINHO JUNIOR
"CAMPINA DA LAGOA,PARANÁ",SENADOR,PAULO MARTINS
"CAMPINA DO SIMÃO,PARANÁ",GOVERNADOR,RATINHO JUNIOR
"CAMPINA DO SIMÃO,PARANÁ",SENADOR,PAULO MARTINS
"CAMPINA GRANDE DO SUL,PARANÁ",GOVERNADOR,RATINHO JUNIOR
"CAMPINA GRANDE DO SUL,PARANÁ",SENADOR,SERGIO MORO
"CAMPO BONITO,PARANÁ",GOVERNADOR,RATINHO JUNIOR
"CAMPO BONITO,PARANÁ",SENADOR,ALVARO DIAS
"CAMPO DO TENENTE,PARANÁ",GOVERNADOR,RATINHO JUNIOR
"CAMPO DO TENENTE,PARANÁ",SENADOR,SERGIO MORO
"CAMPO LARGO,PARANÁ",GOVERNADOR,RATINHO JUNIOR
"CAMPO LARGO,PARANÁ",SENADOR,SERGIO MORO
"CAMPO MAGRO,PARANÁ",GOVERNADOR,RATINHO JUNIOR
"CAMPO MAGRO,PARANÁ",SENADOR,SERGIO MORO
"CAMPO MOURÃO,PARANÁ",GOVERNADOR,RATINHO JUNIOR
"CAMPO MOURÃO,PARANÁ",SENADOR,SERGIO MORO
"CANDÓI,PARANÁ",GOVERNADOR,RATINHO JUNIOR
"CANDÓI,PARANÁ",SENADOR,ALVARO DIAS
"CANTAGALO,PARANÁ",GOVERNADOR,RATINHO JUNIOR
"CANTAGALO,PARANÁ",SENADOR,ALVARO DIAS
"CAPANEMA,PARANÁ",GOVERNADOR,RATINHO JUNIOR
"CAPANEMA,PARANÁ",SENADOR,ALVARO DIAS
"CAPITÃO LEÔNIDAS MARQUES,PARANÁ",GOVERNADOR,RATINHO JUNIOR
"CAPITÃO LEÔNIDAS MARQUES,PARANÁ",SENADOR,PAULO MARTINS
"CARAMBEÍ,PARANÁ",GOVERNADOR,RATINHO JUNIOR
"CARAMBEÍ,PARANÁ",SENADOR,SERGIO MORO
"CARLÓPOLIS,PARANÁ",GOVERNADOR,RATINHO JUNIOR
"CARLÓPOLIS,PARANÁ",SENADOR,PAULO MARTINS
"CASCAVEL,PARANÁ",GOVERNADOR,RATINHO JUNIOR
"CASCAVEL,PARANÁ",SENADOR,SERGIO MORO
"CASTRO,PARANÁ",GOVERNADOR,RATINHO JUNIOR
"CASTRO,PARANÁ",SENADOR,ALINE SLEUTJES
"CATANDUVAS,PARANÁ",GOVERNADOR,RATINHO JUNIOR
"CATANDUVAS,PARANÁ",SENADOR,PAULO MARTINS
"CENTENÁRIO DO SUL,PARANÁ",GOVERNADOR,RATINHO JUNIOR
"CENTENÁRIO DO SUL,PARANÁ",SENADOR,ALVARO DIAS
"CERRO AZUL,PARANÁ",GOVERNADOR,REQUIÃO
"CERRO AZUL,PARANÁ",SENADOR,ALVARO DIAS
"CHOPINZINHO,PARANÁ",GOVERNADOR,RATINHO JUNIOR
"CHOPINZINHO,PARANÁ",SENADOR,PAULO MARTINS
"CIANORTE,PARANÁ",GOVERNADOR,RATINHO JUNIOR
"CIANORTE,PARANÁ",SENADOR,PAULO MARTINS
"CIDADE GAÚCHA,PARANÁ",GOVERNADOR,RATINHO JUNIOR
"CIDADE GAÚCHA,PARANÁ",SENADOR,ALVARO DIAS
"CLEVELÂNDIA,PARANÁ",GOVERNADOR,RATINHO JUNIOR
"CLEVELÂNDIA,PARANÁ",SENADOR,PAULO MARTINS
"COLOMBO,PARANÁ",GOVERNADOR,RATINHO JUNIOR
"COLOMBO,PARANÁ",SENADOR,SERGIO MORO
"COLORADO,PARANÁ",GOVERNADOR,RATINHO JUNIOR
"COLORADO,PARANÁ",SENADOR,PAULO MARTINS
"CONGONHINHAS,PARANÁ",GOVERNADOR,RATINHO JUNIOR
"CONGONHINHAS,PARANÁ",SENADOR,ALVARO DIAS
"CONSELHEIRO MAIRINCK,PARANÁ",GOVERNADOR,RATINHO JUNIOR
"CONSELHEIRO MAIRINCK,PARANÁ",SENADOR,ALVARO DIAS
"CONTENDA,PARANÁ",GOVERNADOR,RATINHO JUNIOR
"CONTENDA,PARANÁ",SENADOR,SERGIO MORO
"CORBÉLIA,PARANÁ",GOVERNADOR,RATINHO JUNIOR
"CORBÉLIA,PARANÁ",SENADOR,PAULO MARTINS
"CORNÉLIO PROCÓPIO,PARANÁ",GOVERNADOR,RATINHO JUNIOR
"CORNÉLIO PROCÓPIO,PARANÁ",SENADOR,SERGIO MORO
"CORONEL DOMINGOS SOARES,PARANÁ",GOVERNADOR,RATINHO JUNIOR
"CORONEL DOMINGOS SOARES,PARANÁ",SENADOR,ALVARO DIAS
"CORONEL VIVIDA,PARANÁ",GOVERNADOR,RATINHO JUNIOR
"CORONEL VIVIDA,PARANÁ",SENADOR,PAULO MARTINS
"CORUMBATAÍ DO SUL,PARANÁ",GOVERNADOR,RATINHO JUNIOR
"CORUMBATAÍ DO SUL,PARANÁ",SENADOR,ALVARO DIAS
"CRUZ MACHADO,PARANÁ",GOVERNADOR,RATINHO JUNIOR
"CRUZ MACHADO,PARANÁ",SENADOR,ALVARO DIAS
"CRUZEIRO DO IGUAÇU,PARANÁ",GOVERNADOR,RATINHO JUNIOR
"CRUZEIRO DO IGUAÇU,PARANÁ",SENADOR,PAULO MARTINS
"CRUZEIRO DO OESTE,PARANÁ",GOVERNADOR,RATINHO JUNIOR
"CRUZEIRO DO OESTE,PARANÁ",SENADOR,PAULO MARTINS
"CRUZEIRO DO SUL,PARANÁ",GOVERNADOR,REQUIÃO
"CRUZEIRO DO SUL,PARANÁ",SENADOR,ALVARO DIAS
"CRUZMALTINA,PARANÁ",GOVERNADOR,RATINHO JUNIOR
"CRUZMALTINA,PARANÁ",SENADOR,PAULO MARTINS
"CURITIBA,PARANÁ",GOVERNADOR,RATINHO JUNIOR
"CURITIBA,PARANÁ",SENADOR,SERGIO MORO
"CURIÚVA,PARANÁ",GOVERNADOR,RATINHO JUNIOR
"CURIÚVA,PARANÁ",SENADOR,SERGIO MORO
"CÂNDIDO DE ABREU,PARANÁ",GOVERNADOR,RATINHO JUNIOR
"CÂNDIDO DE ABREU,PARANÁ",SENADOR,SERGIO MORO
"CÉU AZUL,PARANÁ",GOVERNADOR,RATINHO JUNIOR
"CÉU AZUL,PARANÁ",SENADOR,PAULO MARTINS
"DIAMANTE D OESTE,PARANÁ",GOVERNADOR,REQUIÃO
"DIAMANTE D OESTE,PARANÁ",SENADOR,ALVARO DIAS
"DIAMANTE DO NORTE,PARANÁ",GOVERNADOR,RATINHO JUNIOR
"DIAMANTE DO NORTE,PARANÁ",SENADOR,PAULO MARTINS
"DIAMANTE DO SUL,PARANÁ",GOVERNADOR,RATINHO JUNIOR
"DIAMANTE DO SUL,PARANÁ",SENADOR,ALINE SLEUTJES
"DOIS VIZINHOS,PARANÁ",GOVERNADOR,RATINHO JUNIOR
"DOIS VIZINHOS,PARANÁ",SENADOR,PAULO MARTINS
"DOURADINA,PARANÁ",GOVERNADOR,RATINHO JUNIOR
"DOURADINA,PARANÁ",SENADOR,PAULO MARTINS
"DOUTOR CAMARGO,PARANÁ",GOVERNADOR,RATINHO JUNIOR
"DOUTOR CAMARGO,PARANÁ",SENADOR,SERGIO MORO
"DOUTOR ULYSSES,PARANÁ",GOVERNADOR,RATINHO JUNIOR
"DOUTOR ULYSSES,PARANÁ",SENADOR,ALVARO DIAS
"ENGENHEIRO BELTRÃO,PARANÁ",GOVERNADOR,RATINHO JUNIOR
"ENGENHEIRO BELTRÃO,PARANÁ",SENADOR,SERGIO MORO
"ENTRE RIOS DO OESTE,PARANÁ",GOVERNADOR,RATINHO JUNIOR
"ENTRE RIOS DO OESTE,PARANÁ",SENADOR,PAULO MARTINS
"ENÉAS MARQUES,PARANÁ",GOVERNADOR,RATINHO JUNIOR
"ENÉAS MARQUES,PARANÁ",SENADOR,ALVARO DIAS
"ESPERANÇA NOVA,PARANÁ",GOVERNADOR,RATINHO JUNIOR
"ESPERANÇA NOVA,PARANÁ",SENADOR,PAULO MARTINS
"ESPIGÃO ALTO DO IGUAÇU,PARANÁ",GOVERNADOR,RATINHO JUNIOR
"ESPIGÃO ALTO DO IGUAÇU,PARANÁ",SENADOR,PAULO MARTINS
"FAROL,PARANÁ",GOVERNADOR,RATINHO JUNIOR
"FAROL,PARANÁ",SENADOR,ALVARO DIAS
"FAXINAL,PARANÁ",GOVERNADOR,RATINHO JUNIOR
"FAXINAL,PARANÁ",SENADOR,PAULO MARTINS
"FAZENDA RIO GRANDE,PARANÁ",GOVERNADOR,RATINHO JUNIOR
"FAZENDA RIO GRANDE,PARANÁ",SENADOR,SERGIO MORO
"FERNANDES PINHEIRO,PARANÁ",GOVERNADOR,RATINHO JUNIOR
"FERNANDES PINHEIRO,PARANÁ",SENADOR,ALVARO DIAS
"FIGUEIRA,PARANÁ",GOVERNADOR,RATINHO JUNIOR
"FIGUEIRA,PARANÁ",SENADOR,ALVARO DIAS
"FLOR DA SERRA DO SUL,PARANÁ",GOVERNADOR,RATINHO JUNIOR
"FLOR DA SERRA DO SUL,PARANÁ",SENADOR,ALVARO DIAS
"FLORAÍ,PARANÁ",GOVERNADOR,RATINHO JUNIOR
"FLORAÍ,PARANÁ",SENADOR,PAULO MARTINS
"FLORESTA,PARANÁ",GOVERNADOR,RATINHO JUNIOR
"FLORESTA,PARANÁ",SENADOR,ALVARO DIAS
"FLORESTÓPOLIS,PARANÁ",GOVERNADOR,RATINHO JUNIOR
"FLORESTÓPOLIS,PARANÁ",SENADOR,ALVARO DIAS
"FLÓRIDA,PARANÁ",GOVERNADOR,RATINHO JUNIOR
"FLÓRIDA,PARANÁ",SENADOR,ALVARO DIAS
"FORMOSA DO OESTE,PARANÁ",GOVERNADOR,RATINHO JUNIOR
"FORMOSA DO OESTE,PARANÁ",SENADOR,PAULO MARTINS
"FOZ DO IGUAÇU,PARANÁ",GOVERNADOR,RATINHO JUNIOR
"FOZ DO IGUAÇU,PARANÁ",SENADOR,PAULO MARTINS
"FOZ DO JORDÃO,PARANÁ",GOVERNADOR,REQUIÃO
"FOZ DO JORDÃO,PARANÁ",SENADOR,ALVARO DIAS
"FRANCISCO ALVES,PARANÁ",GOVERNADOR,RATINHO JUNIOR
"FRANCISCO ALVES,PARANÁ",SENADOR,PAULO MARTINS
"FRANCISCO BELTRÃO,PARANÁ",GOVERNADOR,RATINHO JUNIOR
"FRANCISCO BELTRÃO,PARANÁ",SENADOR,SERGIO MORO
"FÊNIX,PARANÁ",GOVERNADOR,RATINHO JUNIOR
"FÊNIX,PARANÁ",SENADOR,ALVARO DIAS
"GENERAL CARNEIRO,PARANÁ",GOVERNADOR,RATINHO JUNIOR
"GENERAL CARNEIRO,PARANÁ",SENADOR,ROSANE FERREIRA
"GODOY MOREIRA,PARANÁ",GOVERNADOR,RATINHO JUNIOR
"GODOY MOREIRA,PARANÁ",SENADOR,ALVARO DIAS
"GOIOERÊ,PARANÁ",GOVERNADOR,RATINHO JUNIOR
"GOIOERÊ,PARANÁ",SENADOR,PAULO MARTINS
"GOIOXIM,PARANÁ",GOVERNADOR,REQUIÃO
"GOIOXIM,PARANÁ",SENADOR,ALVARO DIAS
"GRANDES RIOS,PARANÁ",GOVERNADOR,RATINHO JUNIOR
"GRANDES RIOS,PARANÁ",SENADOR,ALINE SLEUTJES
"GUAIRAÇÁ,PARANÁ",GOVERNADOR,RATINHO JUNIOR
"GUAIRAÇÁ,PARANÁ",SENADOR,ALVARO DIAS
"GUAMIRANGA,PARANÁ",GOVERNADOR,RATINHO JUNIOR
"GUAMIRANGA,PARANÁ",SENADOR,PAULO MARTINS
"GUAPIRAMA,PARANÁ",GOVERNADOR,RATINHO JUNIOR
"GUAPIRAMA,PARANÁ",SENADOR,PAULO MARTINS
"GUAPOREMA,PARANÁ",GOVERNADOR,RATINHO JUNIOR
"GUAPOREMA,PARANÁ",SENADOR,PAULO MARTINS
"GUARACI,PARANÁ",GOVERNADOR,RATINHO JUNIOR
"GUARACI,PARANÁ",SENADOR,PAULO MARTINS
"GUARANIAÇU,PARANÁ",GOVERNADOR,RATINHO JUNIOR
"GUARANIAÇU,PARANÁ",SENADOR,SERGIO MORO
"GUARAPUAVA,PARANÁ",GOVERNADOR,RATINHO JUNIOR
"GUARAPUAVA,PARANÁ",SENADOR,SERGIO MORO
"GUARAQUEÇABA,PARANÁ",GOVERNADOR,RATINHO JUNIOR
"GUARAQUEÇABA,PARANÁ",SENADOR,ALVARO DIAS
"GUARATUBA,PARANÁ",GOVERNADOR,RATINHO JUNIOR
"GUARATUBA,PARANÁ",SENADOR,SERGIO MORO
"GUAÍRA,PARANÁ",GOVERNADOR,RATINHO JUNIOR
"GUAÍRA,PARANÁ",SENADOR,PAULO MARTINS
"HONÓRIO SERPA,PARANÁ",GOVERNADOR,RATINHO JUNIOR
"HONÓRIO SERPA,PARANÁ",SENADOR,PAULO MARTINS
"IBAITI,PARANÁ",GOVERNADOR,RATINHO JUNIOR
"IBAITI,PARANÁ",SENADOR,PAULO MARTINS
"IBEMA,PARANÁ",GOVERNADOR,RATINHO JUNIOR
"IBEMA,PARANÁ",SENADOR,ALVARO DIAS
"IBIPORÃ,PARANÁ",GOVERNADOR,RATINHO JUNIOR
"IBIPORÃ,PARANÁ",SENADOR,SERGIO MORO
"ICARAÍMA,PARANÁ",GOVERNADOR,RATINHO JUNIOR
"ICARAÍMA,PARANÁ",SENADOR,PAULO MARTINS
"IGUARAÇU,PARANÁ",GOVERNADOR,RATINHO JUNIOR
"IGUARAÇU,PARANÁ",SENADOR,ALVARO DIAS
"IGUATU,PARANÁ",GOVERNADOR,RATINHO JUNIOR
"IGUATU,PARANÁ",SENADOR,ALVARO DIAS
"IMBAÚ,PARANÁ",GOVERNADOR,RATINHO JUNIOR
"IMBAÚ,PARANÁ",SENADOR,ALVARO DIAS
"IMBITUVA,PARANÁ",GOVERNADOR,RATINHO JUNIOR
"IMBITUVA,PARANÁ",SENADOR,SERGIO MORO
"INAJÁ,PARANÁ",GOVERNADOR,RATINHO JUNIOR
"INAJÁ,PARANÁ",SENADOR,ALINE SLEUTJES
"INDIANÓPOLIS,PARANÁ",GOVERNADOR,RATINHO JUNIOR
"INDIANÓPOLIS,PARANÁ",SENADOR,PAULO MARTINS
"INÁCIO MARTINS,PARANÁ",GOVERNADOR,RATINHO JUNIOR
"INÁCIO MARTINS,PARANÁ",SENADOR,ALVARO DIAS
"IPIRANGA,PARANÁ",GOVERNADOR,RATINHO JUNIOR
"IPIRANGA,PARANÁ",SENADOR,SERGIO MORO
"IPORÃ,PARANÁ",GOVERNADOR,RATINHO JUNIOR
"IPORÃ,PARANÁ",SENADOR,PAULO MARTINS
"IRACEMA DO OESTE,PARANÁ",GOVERNADOR,RATINHO JUNIOR
"IRACEMA DO OESTE,PARANÁ",SENADOR,ALVARO DIAS
"IRATI,PARANÁ",GOVERNADOR,RATINHO JUNIOR
"IRATI,PARANÁ",SENADOR,SERGIO MORO
"IRETAMA,PARANÁ",GOVERNADOR,RATINHO JUNIOR
"IRETAMA,PARANÁ",SENADOR,ALVARO DIAS
"ITAGUAJÉ,PARANÁ",GOVERNADOR,RATINHO JUNIOR
"ITAGUAJÉ,PARANÁ",SENADOR,ALINE SLEUTJES
"ITAIPULÂNDIA,PARANÁ",GOVERNADOR,RATINHO JUNIOR
"ITAIPULÂNDIA,PARANÁ",SENADOR,PAULO MARTINS
"ITAMBARACÁ,PARANÁ",GOVERNADOR,RATINHO JUNIOR
"ITAMBARACÁ,PARANÁ",SENADOR,PAULO MARTINS
"ITAMBÉ,PARANÁ",GOVERNADOR,RATINHO JUNIOR
"ITAMBÉ,PARANÁ",SENADOR,PAULO MARTINS
"ITAPEJARA D OESTE,PARANÁ",GOVERNADOR,RATINHO JUNIOR
"ITAPEJARA D OESTE,PARANÁ",SENADOR,PAULO MARTINS
"ITAPERUÇU,PARANÁ",GOVERNADOR,RATINHO JUNIOR
"ITAPERUÇU,PARANÁ",SENADOR,ALVARO DIAS
"ITAÚNA DO SUL,PARANÁ",GOVERNADOR,REQUIÃO
"ITAÚNA DO SUL,PARANÁ",SENADOR,ALVARO DIAS
"IVAIPORÃ,PARANÁ",GOVERNADOR,RATINHO JUNIOR
"IVAIPORÃ,PARANÁ",SENADOR,SERGIO MORO
"IVATUBA,PARANÁ",GOVERNADOR,RATINHO JUNIOR
"IVATUBA,PARANÁ",SENADOR,SERGIO MORO
"IVATÉ,PARANÁ",GOVERNADOR,RATINHO JUNIOR
"IVATÉ,PARANÁ",SENADOR,ALVARO DIAS
"IVAÍ,PARANÁ",GOVERNADOR,RATINHO JUNIOR
"IVAÍ,PARANÁ",SENADOR,SERGIO MORO
"JABOTI,PARANÁ",GOVERNADOR,RATINHO JUNIOR
"JABOTI,PARANÁ",SENADOR,ALVARO DIAS
"JACAREZINHO,PARANÁ",GOVERNADOR,RATINHO JUNIOR
"JACAREZINHO,PARANÁ",SENADOR,PAULO MARTINS
"JAGUAPITÃ,PARANÁ",GOVERNADOR,RATINHO JUNIOR
"JAGUAPITÃ,PARANÁ",SENADOR,PAULO MARTINS
"JAGUARIAÍVA,PARANÁ",GOVERNADOR,RATINHO JUNIOR
"JAGUARIAÍVA,PARANÁ",SENADOR,PAULO MARTINS
"JANDAIA DO SUL,PARANÁ",GOVERNADOR,RATINHO JUNIOR
"JANDAIA DO SUL,PARANÁ",SENADOR,SERGIO MORO
"JANIÓPOLIS,PARANÁ",GOVERNADOR,RATINHO JUNIOR
"JANIÓPOLIS,PARANÁ",SENADOR,ALVARO DIAS
"JAPIRA,PARANÁ",GOVERNADOR,RATINHO JUNIOR
"JAPIRA,PARANÁ",SENADOR,ALVARO DIAS
"JAPURÁ,PARANÁ",GOVERNADOR,RATINHO JUNIOR
"JAPURÁ,PARANÁ",SENADOR,PAULO MARTINS
"JARDIM ALEGRE,PARANÁ",GOVERNADOR,RATINHO JUNIOR
"JARDIM ALEGRE,PARANÁ",SENADOR,PAULO MARTINS
"JARDIM OLINDA,PARANÁ",GOVERNADOR,RATINHO JUNIOR
"JARDIM OLINDA,PARANÁ",SENADOR,ALINE SLEUTJES
"JATAIZINHO,PARANÁ",GOVERNADOR,RATINHO JUNIOR
"JATAIZINHO,PARANÁ",SENADOR,SERGIO MORO
"JESUÍTAS,PARANÁ",GOVERNADOR,RATINHO JUNIOR
"JESUÍTAS,PARANÁ",SENADOR,PAULO MARTINS
"JOAQUIM TÁVORA,PARANÁ",GOVERNADOR,RATINHO JUNIOR
"JOAQUIM TÁVORA,PARANÁ",SENADOR,PAULO MARTINS
"JUNDIAÍ DO SUL,PARANÁ",GOVERNADOR,RATINHO JUNIOR
"JUNDIAÍ DO SUL,PARANÁ",SENADOR,ALVARO DIAS
"JURANDA,PARANÁ",GOVERNADOR,RATINHO JUNIOR
"JURANDA,PARANÁ",SENADOR,PAULO MARTINS
"JUSSARA,PARANÁ",GOVERNADOR,RATINHO JUNIOR
"JUSSARA,PARANÁ",SENADOR,PAULO MARTINS
"KALORÉ,PARANÁ",GOVERNADOR,RATINHO JUNIOR
"KALORÉ,PARANÁ",SENADOR,SERGIO MORO
"LAPA,PARANÁ",GOVERNADOR,RATINHO JUNIOR
"LAPA,PARANÁ",SENADOR,SERGIO MORO
"LARANJAL,PARANÁ",GOVERNADOR,REQUIÃO
"LARANJAL,PARANÁ",SENADOR,ALVARO DIAS
"LARANJEIRAS DO SUL,PARANÁ",GOVERNADOR,RATINHO JUNIOR
"LARANJEIRAS DO SUL,PARANÁ",SENADOR,ALVARO DIAS
"LEÓPOLIS,PARANÁ",GOVERNADOR,RATINHO JUNIOR
"LEÓPOLIS,PARANÁ",SENADOR,PAULO MARTINS
"LIDIANÓPOLIS,PARANÁ",GOVERNADOR,RATINHO JUNIOR
"LIDIANÓPOLIS,PARANÁ",SENADOR,ALVARO DIAS
"LINDOESTE,PARANÁ",GOVERNADOR,RATINHO JUNIOR
"LINDOESTE,PARANÁ",SENADOR,ALVARO DIAS
"LOANDA,PARANÁ",GOVERNADOR,RATINHO JUNIOR
"LOANDA,PARANÁ",SENADOR,ALVARO DIAS
"LOBATO,PARANÁ",GOVERNADOR,RATINHO JUNIOR
"LOBATO,PARANÁ",SENADOR,ALVARO DIAS
"LONDRINA,PARANÁ",GOVERNADOR,RATINHO JUNIOR
"LONDRINA,PARANÁ",SENADOR,SERGIO MORO
"LUIZIANA,PARANÁ",GOVERNADOR,RATINHO JUNIOR
"LUIZIANA,PARANÁ",SENADOR,ALVARO DIAS
"LUNARDELLI,PARANÁ",GOVERNADOR,RATINHO JUNIOR
"LUNARDELLI,PARANÁ",SENADOR,ALVARO DIAS
"LUPIONÓPOLIS,PARANÁ",GOVERNADOR,RATINHO JUNIOR
"LUPIONÓPOLIS,PARANÁ",SENADOR,ALVARO DIAS
"MALLET,PARANÁ",GOVERNADOR,RATINHO JUNIOR
"MALLET,PARANÁ",SENADOR,SERGIO MORO
"MAMBORÊ,PARANÁ",GOVERNADOR,RATINHO JUNIOR
"MAMBORÊ,PARANÁ",SENADOR,PAULO MARTINS
"MANDAGUARI,PARANÁ",GOVERNADOR,RATINHO JUNIOR
"MANDAGUARI,PARANÁ",SENADOR,SERGIO MORO
"MANDAGUAÇU,PARANÁ",GOVERNADOR,RATINHO JUNIOR
"MANDAGUAÇU,PARANÁ",SENADOR,SERGIO MORO
"MANDIRITUBA,PARANÁ",GOVERNADOR,RATINHO JUNIOR
"MANDIRITUBA,PARANÁ",SENADOR,SERGIO MORO
"MANFRINÓPOLIS,PARANÁ",GOVERNADOR,REQUIÃO
"MANFRINÓPOLIS,PARANÁ",SENADOR,ALVARO DIAS
"MANGUEIRINHA,PARANÁ",GOVERNADOR,RATINHO JUNIOR
"MANGUEIRINHA,PARANÁ",SENADOR,PAULO MARTINS
"MANOEL RIBAS,PARANÁ",GOVERNADOR,RATINHO JUNIOR
"MANOEL RIBAS,PARANÁ",SENADOR,PAULO MARTINS
"MARECHAL CÂNDIDO RONDON,PARANÁ",GOVERNADOR,RATINHO JUNIOR
"MARECHAL CÂNDIDO RONDON,PARANÁ",SENADOR,PAULO MARTINS
"MARIA HELENA,PARANÁ",GOVERNADOR,RATINHO JUNIOR
"MARIA HELENA,PARANÁ",SENADOR,PAULO MARTINS
"MARIALVA,PARANÁ",GOVERNADOR,RATINHO JUNIOR
"MARIALVA,PARANÁ",SENADOR,SERGIO MORO
"MARILENA,PARANÁ",GOVERNADOR,RATINHO JUNIOR
"MARILENA,PARANÁ",SENADOR,ALINE SLEUTJES
"MARILUZ,PARANÁ",GOVERNADOR,RATINHO JUNIOR
"MARILUZ,PARANÁ",SENADOR,ALVARO DIAS
"MARILÂNDIA DO SUL,PARANÁ",GOVERNADOR,RATINHO JUNIOR
"MARILÂNDIA DO SUL,PARANÁ",SENADOR,SERGIO MORO
"MARINGÁ,PARANÁ",GOVERNADOR,RATINHO JUNIOR
"MARINGÁ,PARANÁ",SENADOR,SERGIO MORO
"MARIPÁ,PARANÁ",GOVERNADOR,RATINHO JUNIOR
"MARIPÁ,PARANÁ",SENADOR,PAULO MARTINS
"MARIÓPOLIS,PARANÁ",GOVERNADOR,RATINHO JUNIOR
"MARIÓPOLIS,PARANÁ",SENADOR,SERGIO MORO
"MARMELEIRO,PARANÁ",GOVERNADOR,RATINHO JUNIOR
"MARMELEIRO,PARANÁ",SENADOR,ALVARO DIAS
"MARQUINHO,PARANÁ",GOVERNADOR,RATINHO JUNIOR
"MARQUINHO,PARANÁ",SENADOR,ALVARO DIAS
"MARUMBI,PARANÁ",GOVERNADOR,RATINHO JUNIOR
"MARUMBI,PARANÁ",SENADOR,ALVARO DIAS
"MATELÂNDIA,PARANÁ",GOVERNADOR,RATINHO JUNIOR
"MATELÂNDIA,PARANÁ",SENADOR,PAULO MARTINS
"MATINHOS,PARANÁ",GOVERNADOR,RATINHO JUNIOR
"MATINHOS,PARANÁ",SENADOR,SERGIO MORO
"MATO RICO,PARANÁ",GOVERNADOR,RATINHO JUNIOR
"MATO RICO,PARANÁ",SENADOR,ALVARO DIAS
"MAUÁ DA SERRA,PARANÁ",GOVERNADOR,RATINHO JUNIOR
"MAUÁ DA SERRA,PARANÁ",SENADOR,ALVARO DIAS
"MEDIANEIRA,PARANÁ",GOVERNADOR,RATINHO JUNIOR
"MEDIANEIRA,PARANÁ",SENADOR,PAULO MARTINS
"MERCEDES,PARANÁ",GOVERNADOR,RATINHO JUNIOR
"MERCEDES,PARANÁ",SENADOR,PAULO MARTINS
"MIRADOR,PARANÁ",GOVERNADOR,RATINHO JUNIOR
"MIRADOR,PARANÁ",SENADOR,PAULO MARTINS
"MIRASELVA,PARANÁ",GOVERNADOR,RATINHO JUNIOR
"MIRASELVA,PARANÁ",SENADOR,SERGIO MORO
"MISSAL,PARANÁ",GOVERNADOR,RATINHO JUNIOR
"MISSAL,PARANÁ",SENADOR,PAULO MARTINS
"MOREIRA SALES,PARANÁ",GOVERNADOR,RATINHO JUNIOR
"MOREIRA SALES,PARANÁ",SENADOR,ALVARO DIAS
"MORRETES,PARANÁ",GOVERNADOR,RATINHO JUNIOR
"MORRETES,PARANÁ",SENADOR,PAULO MARTINS
"MUNHOZ DE MELO,PARANÁ",GOVERNADOR,RATINHO JUNIOR
"MUNHOZ DE MELO,PARANÁ",SENADOR,ALVARO DIAS
"NOSSA SENHORA DAS GRAÇAS,PARANÁ",GOVERNADOR,RATINHO JUNIOR
"NOSSA SENHORA DAS GRAÇAS,PARANÁ",SENADOR,ALINE SLEUTJES
"NOVA ALIANÇA DO IVAÍ,PARANÁ",GOVERNADOR,RATINHO JUNIOR
"NOVA ALIANÇA DO IVAÍ,PARANÁ",SENADOR,SERGIO MORO
"NOVA AMÉRICA DA COLINA,PARANÁ",GOVERNADOR,RATINHO JUNIOR
"NOVA AMÉRICA DA COLINA,PARANÁ",SENADOR,ALVARO DIAS
"NOVA AURORA,PARANÁ",GOVERNADOR,RATINHO JUNIOR
"NOVA AURORA,PARANÁ",SENADOR,PAULO MARTINS
"NOVA CANTU,PARANÁ",GOVERNADOR,RATINHO JUNIOR
"NOVA CANTU,PARANÁ",SENADOR,ALVARO DIAS
"NOVA ESPERANÇA DO SUDOESTE,PARANÁ",GOVERNADOR,RATINHO JUNIOR
"NOVA ESPERANÇA DO SUDOESTE,PARANÁ",SENADOR,ALVARO DIAS
"NOVA ESPERANÇA,PARANÁ",GOVERNADOR,RATINHO JUNIOR
"NOVA ESPERANÇA,PARANÁ",SENADOR,SERGIO MORO
"NOVA FÁTIMA,PARANÁ",GOVERNADOR,RATINHO JUNIOR
"NOVA FÁTIMA,PARANÁ",SENADOR,SERGIO MORO
"NOVA LARANJEIRAS,PARANÁ",GOVERNADOR,REQUIÃO
"NOVA LARANJEIRAS,PARANÁ",SENADOR,ROSANE FERREIRA
"NOVA LONDRINA,PARANÁ",GOVERNADOR,RATINHO JUNIOR
"NOVA LONDRINA,PARANÁ",SENADOR,PAULO MARTINS
"NOVA OLÍMPIA,PARANÁ",GOVERNADOR,RATINHO JUNIOR
"NOVA OLÍMPIA,PARANÁ",SENADOR,ALVARO DIAS
"NOVA PRATA DO IGUAÇU,PARANÁ",GOVERNADOR,RATINHO JUNIOR
"NOVA PRATA DO IGUAÇU,PARANÁ",SENADOR,ALVARO DIAS
"NOVA SANTA BÁRBARA,PARANÁ",GOVERNADOR,RATINHO JUNIOR
"NOVA SANTA BÁRBARA,PARANÁ",SENADOR,ALVARO DIAS
"NOVA SANTA ROSA,PARANÁ",GOVERNADOR,RATINHO JUNIOR
"NOVA SANTA ROSA,PARANÁ",SENADOR,PAULO MARTINS
"NOVA TEBAS,PARANÁ",GOVERNADOR,REQUIÃO
"NOVA TEBAS,PARANÁ",SENADOR,ALVARO DIAS
"NOVO ITACOLOMI,PARANÁ",GOVERNADOR,RATINHO JUNIOR
"NOVO ITACOLOMI,PARANÁ",SENADOR,ALVARO DIAS
"ORTIGUEIRA,PARANÁ",GOVERNADOR,RATINHO JUNIOR
"ORTIGUEIRA,PARANÁ",SENADOR,ALVARO DIAS
"OURIZONA,PARANÁ",GOVERNADOR,RATINHO JUNIOR
"OURIZONA,PARANÁ",SENADOR,ALVARO DIAS
"OURO VERDE DO OESTE,PARANÁ",GOVERNADOR,RATINHO JUNIOR
"OURO VERDE DO OESTE,PARANÁ",SENADOR,PAULO MARTINS
"PAIÇANDU,PARANÁ",GOVERNADOR,RATINHO JUNIOR
"PAIÇANDU,PARANÁ",SENADOR,PAULO MARTINS
"PALMAS,PARANÁ",GOVERNADOR,RATINHO JUNIOR
"PALMAS,PARANÁ",SENADOR,ALVARO DIAS
"PALMEIRA,PARANÁ",GOVERNADOR,RATINHO JUNIOR
"PALMEIRA,PARANÁ",SENADOR,SERGIO MORO
"PALMITAL,PARANÁ",GOVERNADOR,RATINHO JUNIOR
"PALMITAL,PARANÁ",SENADOR,ALVARO DIAS
"PALOTINA,PARANÁ",GOVERNADOR,RATINHO JUNIOR
"PALOTINA,PARANÁ",SENADOR,PAULO MARTINS
"PARANACITY,PARANÁ",GOVERNADOR,RATINHO JUNIOR
"PARANACITY,PARANÁ",SENADOR,ALVARO DIAS
"PARANAGUÁ,PARANÁ",GOVERNADOR,RATINHO JUNIOR
"PARANAGUÁ,PARANÁ",SENADOR,SERGIO MORO
"PARANAPOEMA,PARANÁ",GOVERNADOR,RATINHO JUNIOR
"PARANAPOEMA,PARANÁ",SENADOR,ALINE SLEUTJES
"PARANAVAÍ,PARANÁ",GOVERNADOR,RATINHO JUNIOR
"PARANAVAÍ,PARANÁ",SENADOR,SERGIO MORO
"PARAÍSO DO NORTE,PARANÁ",GOVERNADOR,RATINHO JUNIOR
"PARAÍSO DO NORTE,PARANÁ",SENADOR,PAULO MARTINS
"PATO BRAGADO,PARANÁ",GOVERNADOR,RATINHO JUNIOR
"PATO BRAGADO,PARANÁ",SENADOR,PAULO MARTINS
"PATO BRANCO,PARANÁ",GOVERNADOR,RATINHO JUNIOR
"PATO BRANCO,PARANÁ",SENADOR,SERGIO MORO
"PAULA FREITAS,PARANÁ",GOVERNADOR,RATINHO JUNIOR
"PAULA FREITAS,PARANÁ",SENADOR,SERGIO MORO
"PAULO FRONTIN,PARANÁ",GOVERNADOR,RATINHO JUNIOR
"PAULO FRONTIN,PARANÁ",SENADOR,SERGIO MORO
"PEABIRU,PARANÁ",GOVERNADOR,RATINHO JUNIOR
"PEABIRU,PARANÁ",SENADOR,SERGIO MORO
"PEROBAL,PARANÁ",GOVERNADOR,RATINHO JUNIOR
"PEROBAL,PARANÁ",SENADOR,PAULO MARTINS
"PINHAIS,PARANÁ",GOVERNADOR,RATINHO JUNIOR
"PINHAIS,PARANÁ",SENADOR,SERGIO MORO
"PINHAL DE SÃO BENTO,PARANÁ",GOVERNADOR,REQUIÃO
"PINHAL DE SÃO BENTO,PARANÁ",SENADOR,ALVARO DIAS
"PINHALÃO,PARANÁ",GOVERNADOR,RATINHO JUNIOR
"PINHALÃO,PARANÁ",SENADOR,PAULO MARTINS
"PINHÃO,PARANÁ",GOVERNADOR,REQUIÃO
"PINHÃO,PARANÁ",SENADOR,ROSANE FERREIRA
"PIRAQUARA,PARANÁ",GOVERNADOR,RATINHO JUNIOR
"PIRAQUARA,PARANÁ",SENADOR,SERGIO MORO
"PIRAÍ DO SUL,PARANÁ",GOVERNADOR,RATINHO JUNIOR
"PIRAÍ DO SUL,PARANÁ",SENADOR,ALINE SLEUTJES
"PITANGA,PARANÁ",GOVERNADOR,RATINHO JUNIOR
"PITANGA,PARANÁ",SENADOR,ALVARO DIAS
"PITANGUEIRAS,PARANÁ",GOVERNADOR,RATINHO JUNIOR
"PITANGUEIRAS,PARANÁ",SENADOR,SERGIO MORO
"PIÊN,PARANÁ",GOVERNADOR,RATINHO JUNIOR
"PIÊN,PARANÁ",SENADOR,SERGIO MORO
"PLANALTINA DO PARANÁ,PARANÁ",GOVERNADOR,RATINHO JUNIOR
"PLANALTINA DO PARANÁ,PARANÁ",SENADOR,ALVARO DIAS
"PLANALTO,PARANÁ",GOVERNADOR,RATINHO JUNIOR
"PLANALTO,PARANÁ",SENADOR,ALVARO DIAS
"PONTA GROSSA,PARANÁ",GOVERNADOR,RATINHO JUNIOR
"PONTA GROSSA,PARANÁ",SENADOR,SERGIO MORO
"PONTAL DO PARANÁ,PARANÁ",GOVERNADOR,RATINHO JUNIOR
"PONTAL DO PARANÁ,PARANÁ",SENADOR,SERGIO MORO
"PORECATU,PARANÁ",GOVERNADOR,RATINHO JUNIOR
"PORECATU,PARANÁ",SENADOR,SERGIO MORO
"PORTO AMAZONAS,PARANÁ",GOVERNADOR,RATINHO JUNIOR
"PORTO AMAZONAS,PARANÁ",SENADOR,SERGIO MORO
"PORTO BARREIRO,PARANÁ",GOVERNADOR,RATINHO JUNIOR
"PORTO BARREIRO,PARANÁ",SENADOR,PAULO MARTINS
"PORTO RICO,PARANÁ",GOVERNADOR,RATINHO JUNIOR
"PORTO RICO,PARANÁ",SENADOR,PAULO MARTINS
"PORTO VITÓRIA,PARANÁ",GOVERNADOR,RATINHO JUNIOR
"PORTO VITÓRIA,PARANÁ",SENADOR,SERGIO MORO
"PRADO FERREIRA,PARANÁ",GOVERNADOR,RATINHO JUNIOR
"PRADO FERREIRA,PARANÁ",SENADOR,ALVARO DIAS
"PRANCHITA,PARANÁ",GOVERNADOR,RATINHO JUNIOR
"PRANCHITA,PARANÁ",SENADOR,SERGIO MORO
"PRESIDENTE CASTELO BRANCO,PARANÁ",GOVERNADOR,RATINHO JUNIOR
"PRESIDENTE CASTELO BRANCO,PARANÁ",SENADOR,ALVARO DIAS
"PRIMEIRO DE MAIO,PARANÁ",GOVERNADOR,RATINHO JUNIOR
"PRIMEIRO DE MAIO,PARANÁ",SENADOR,PAULO MARTINS
"PRUDENTÓPOLIS,PARANÁ",GOVERNADOR,RATINHO JUNIOR
"PRUDENTÓPOLIS,PARANÁ",SENADOR,PAULO MARTINS
"PÉROLA D OESTE,PARANÁ",GOVERNADOR,RATINHO JUNIOR
"PÉROLA D OESTE,PARANÁ",SENADOR,PAULO MARTINS
"PÉROLA,PARANÁ",GOVERNADOR,RATINHO JUNIOR
"PÉROLA,PARANÁ",SENADOR,PAULO MARTINS
"QUARTO CENTENÁRIO,PARANÁ",GOVERNADOR,RATINHO JUNIOR
"QUARTO CENTENÁRIO,PARANÁ",SENADOR,PAULO MARTINS
"QUATIGUÁ,PARANÁ",GOVERNADOR,RATINHO JUNIOR
"QUATIGUÁ,PARANÁ",SENADOR,ALVARO DIAS
"QUATRO BARRAS,PARANÁ",GOVERNADOR,RATINHO JUNIOR
"QUATRO BARRAS,PARANÁ",SENADOR,SERGIO MORO
"QUATRO PONTES,PARANÁ",GOVERNADOR,RATINHO JUNIOR
"QUATRO PONTES,PARANÁ",SENADOR,PAULO MARTINS
"QUEDAS DO IGUAÇU,PARANÁ",GOVERNADOR,RATINHO JUNIOR
"QUEDAS DO IGUAÇU,PARANÁ",SENADOR,PAULO MARTINS
"QUERÊNCIA DO NORTE,PARANÁ",GOVERNADOR,RATINHO JUNIOR
"QUERÊNCIA DO NORTE,PARANÁ",SENADOR,ALVARO DIAS
"QUINTA DO SOL,PARANÁ",GOVERNADOR,RATINHO JUNIOR
"QUINTA DO SOL,PARANÁ",SENADOR,ALVARO DIAS
"QUITANDINHA,PARANÁ",GOVERNADOR,RATINHO JUNIOR
"QUITANDINHA,PARANÁ",SENADOR,SERGIO MORO
"RAMILÂNDIA,PARANÁ",GOVERNADOR,RATINHO JUNIOR
"RAMILÂNDIA,PARANÁ",SENADOR,ALVARO DIAS
"RANCHO ALEGRE D OESTE,PARANÁ",GOVERNADOR,RATINHO JUNIOR
"RANCHO ALEGRE D OESTE,PARANÁ",SENADOR,ALVARO DIAS
"RANCHO ALEGRE,PARANÁ",GOVERNADOR,RATINHO JUNIOR
"RANCHO ALEGRE,PARANÁ",SENADOR,PAULO MARTINS
"REALEZA,PARANÁ",GOVERNADOR,RATINHO JUNIOR
"REALEZA,PARANÁ",SENADOR,PAULO MARTINS
"REBOUÇAS,PARANÁ",GOVERNADOR,RATINHO JUNIOR
"REBOUÇAS,PARANÁ",SENADOR,ALVARO DIAS
"RENASCENÇA,PARANÁ",GOVERNADOR,RATINHO JUNIOR
"RENASCENÇA,PARANÁ",SENADOR,PAULO MARTINS
"RESERVA DO IGUAÇU,PARANÁ",GOVERNADOR,REQUIÃO
"RESERVA DO IGUAÇU,PARANÁ",SENADOR,ALVARO DIAS
"RESERVA,PARANÁ",GOVERNADOR,RATINHO JUNIOR
"RESERVA,PARANÁ",SENADOR,SERGIO MORO
"RIBEIRÃO CLARO,PARANÁ",GOVERNADOR,RATINHO JUNIOR
"RIBEIRÃO CLARO,PARANÁ",SENADOR,PAULO MARTINS
"RIBEIRÃO DO PINHAL,PARANÁ",GOVERNADOR,REQUIÃO
"RIBEIRÃO DO PINHAL,PARANÁ",SENADOR,ALVARO DIAS
"RIO AZUL,PARANÁ",GOVERNADOR,RATINHO JUNIOR
"RIO AZUL,PARANÁ",SENADOR,PAULO MARTINS
"RIO BOM,PARANÁ",GOVERNADOR,RATINHO JUNIOR
"RIO BOM,PARANÁ",SENADOR,SERGIO MORO
"RIO BONITO DO IGUAÇU,PARANÁ",GOVERNADOR,REQUIÃO
"RIO BONITO DO IGUAÇU,PARANÁ",SENADOR,ALVARO DIAS
"RIO BRANCO DO IVAÍ,PARANÁ",GOVERNADOR,RATINHO JUNIOR
"RIO BRANCO DO IVAÍ,PARANÁ",SENADOR,ALVARO DIAS
"RIO BRANCO DO SUL,PARANÁ",GOVERNADOR,RATINHO JUNIOR
"RIO BRANCO DO SUL,PARANÁ",SENADOR,ALVARO DIAS
"RIO NEGRO,PARANÁ",GOVERNADOR,RATINHO JUNIOR
"RIO NEGRO,PARANÁ",SENADOR,SERGIO MORO
"ROLÂNDIA,PARANÁ",GOVERNADOR,RATINHO JUNIOR
"ROLÂNDIA,PARANÁ",SENADOR,SERGIO MORO
"RONCADOR,PARANÁ",GOVERNADOR,RATINHO JUNIOR
"RONCADOR,PARANÁ",SENADOR,ALVARO DIAS
"RONDON,PARANÁ",GOVERNADOR,RATINHO JUNIOR
"RONDON,PARANÁ",SENADOR,PAULO MARTINS
"ROSÁRIO DO IVAÍ,PARANÁ",GOVERNADOR,RATINHO JUNIOR
"ROSÁRIO DO IVAÍ,PARANÁ",SENADOR,ALVARO DIAS
"SABÁUDIA,PARANÁ",GOVERNADOR,RATINHO JUNIOR
"SABÁUDIA,PARANÁ",SENADOR,PAULO MARTINS
"SALGADO FILHO,PARANÁ",GOVERNADOR,RATINHO JUNIOR
"SALGADO FILHO,PARANÁ",SENADOR,PAULO MARTINS
"SALTO DO ITARARÉ,PARANÁ",GOVERNADOR,RATINHO JUNIOR
"SALTO DO ITARARÉ,PARANÁ",SENADOR,ALVARO DIAS
"SALTO DO LONTRA,PARANÁ",GOVERNADOR,REQUIÃO
"SALTO DO LONTRA,PARANÁ",SENADOR,ALVARO DIAS
"SANTA AMÉLIA,PARANÁ",GOVERNADOR,RATINHO JUNIOR
"SANTA AMÉLIA,PARANÁ",SENADOR,ALVARO DIAS
"SANTA CECÍLIA DO PAVÃO,PARANÁ",GOVERNADOR,RATINHO JUNIOR
"SANTA CECÍLIA DO PAVÃO,PARANÁ",SENADOR,ALVARO DIAS
"SANTA CRUZ DE MONTE CASTELO,PARANÁ",GOVERNADOR,RATINHO JUNIOR
"SANTA CRUZ DE MONTE CASTELO,PARANÁ",SENADOR,ALVARO DIAS
"SANTA FÉ,PARANÁ",GOVERNADOR,RATINHO JUNIOR
"SANTA FÉ,PARANÁ",SENADOR,ALVARO DIAS
"SANTA HELENA,PARANÁ",GOVERNADOR,RATINHO JUNIOR
"SANTA HELENA,PARANÁ",SENADOR,PAULO MARTINS
"SANTA INÊS,PARANÁ",GOVERNADOR,RATINHO JUNIOR
"SANTA INÊS,PARANÁ",SENADOR,PAULO MARTINS
"SANTA ISABEL DO IVAÍ,PARANÁ",GOVERNADOR,RATINHO JUNIOR
"SANTA ISABEL DO IVAÍ,PARANÁ",SENADOR,PAULO MARTINS
"SANTA IZABEL DO OESTE,PARANÁ",GOVERNADOR,RATINHO JUNIOR
"SANTA IZABEL DO OESTE,PARANÁ",SENADOR,PAULO MARTINS
"SANTA LÚCIA,PARANÁ",GOVERNADOR,RATINHO JUNIOR
"SANTA LÚCIA,PARANÁ",SENADOR,PAULO MARTINS
"SANTA MARIA DO OESTE,PARANÁ",GOVERNADOR,REQUIÃO
"SANTA MARIA DO OESTE,PARANÁ",SENADOR,ROSANE FERREIRA
"SANTA MARIANA,PARANÁ",GOVERNADOR,RATINHO JUNIOR
"SANTA MARIANA,PARANÁ",SENADOR,ALVARO DIAS
"SANTA MÔNICA,PARANÁ",GOVERNADOR,RATINHO JUNIOR
"SANTA MÔNICA,PARANÁ",SENADOR,SERGIO MORO
"SANTA TEREZA DO OESTE,PARANÁ",GOVERNADOR,RATINHO JUNIOR
"SANTA TEREZA DO OESTE,PARANÁ",SENADOR,PAULO MARTINS
"SANTA TEREZINHA DE ITAIPU,PARANÁ",GOVERNADOR,RATINHO JUNIOR
"SANTA TEREZINHA DE ITAIPU,PARANÁ",SENADOR,PAULO MARTINS
"SANTANA DO ITARARÉ,PARANÁ",GOVERNADOR,RATINHO JUNIOR
"SANTANA DO ITARARÉ,PARANÁ",SENADOR,SERGIO MORO
"SANTO ANTONIO DO CAIUÁ,PARANÁ",GOVERNADOR,REQUIÃO
"SANTO ANTONIO DO CAIUÁ,PARANÁ",SENADOR,ALVARO DIAS
"SANTO ANTÔNIO DA PLATINA,PARANÁ",GOVERNADOR,RATINHO JUNIOR
"SANTO ANTÔNIO DA PLATINA,PARANÁ",SENADOR,SERGIO MORO
"SANTO ANTÔNIO DO PARAÍSO,PARANÁ",GOVERNADOR,RATINHO JUNIOR
"SANTO ANTÔNIO DO PARAÍSO,PARANÁ",SENADOR,ALVARO DIAS
"SANTO ANTÔNIO DO SUDOESTE,PARANÁ",GOVERNADOR,RATINHO JUNIOR
"SANTO ANTÔNIO DO SUDOESTE,PARANÁ",SENADOR,PAULO MARTINS
"SANTO INÁCIO,PARANÁ",GOVERNADOR,RATINHO JUNIOR
"SANTO INÁCIO,PARANÁ",SENADOR,ALVARO DIAS
"SAPOPEMA,PARANÁ",GOVERNADOR,RATINHO JUNIOR
"SAPOPEMA,PARANÁ",SENADOR,ALVARO DIAS
"SARANDI,PARANÁ",GOVERNADOR,RATINHO JUNIOR
"SARANDI,PARANÁ",SENADOR,SERGIO MORO
"SAUDADE DO IGUAÇU,PARANÁ",GOVERNADOR,RATINHO JUNIOR
"SAUDADE DO IGUAÇU,PARANÁ",SENADOR,ALVARO DIAS
"SENGÉS,PARANÁ",GOVERNADOR,RATINHO JUNIOR
"SENGÉS,PARANÁ",SENADOR,PAULO MARTINS
"SERRANÓPOLIS DO IGUAÇU,PARANÁ",GOVERNADOR,RATINHO JUNIOR
"SERRANÓPOLIS DO IGUAÇU,PARANÁ",SENADOR,PAULO MARTINS
"SERTANEJA,PARANÁ",GOVERNADOR,RATINHO JUNIOR
"SERTANEJA,PARANÁ",SENADOR,PAULO MARTINS
"SERTANÓPOLIS,PARANÁ",GOVERNADOR,RATINHO JUNIOR
"SERTANÓPOLIS,PARANÁ",SENADOR,PAULO MARTINS
"SIQUEIRA CAMPOS,PARANÁ",GOVERNADOR,RATINHO JUNIOR
"SIQUEIRA CAMPOS,PARANÁ",SENADOR,ALVARO DIAS
"SULINA,PARANÁ",GOVERNADOR,RATINHO JUNIOR
"SULINA,PARANÁ",SENADOR,ALVARO DIAS
"SÃO CARLOS DO IVAÍ,PARANÁ",GOVERNADOR,RATINHO JUNIOR
"SÃO CARLOS DO IVAÍ,PARANÁ",SENADOR,PAULO MARTINS
"SÃO JERÔNIMO DA SERRA,PARANÁ",GOVERNADOR,RATINHO JUNIOR
"SÃO JERÔNIMO DA SERRA,PARANÁ",SENADOR,ALVARO DIAS
"SÃO JORGE D OESTE,PARANÁ",GOVERNADOR,RATINHO JUNIOR
"SÃO JORGE D OESTE,PARANÁ",SENADOR,PAULO MARTINS
"SÃO JORGE DO IVAÍ,PARANÁ",GOVERNADOR,RATINHO JUNIOR
"SÃO JORGE DO IVAÍ,PARANÁ",SENADOR,PAULO MARTINS
"SÃO JORGE DO PATROCÍNIO,PARANÁ",GOVERNADOR,RATINHO JUNIOR
"SÃO JORGE DO PATROCÍNIO,PARANÁ",SENADOR,PAULO MARTINS
"SÃO JOSÉ DA BOA VISTA,PARANÁ",GOVERNADOR,RATINHO JUNIOR
"SÃO JOSÉ DA BOA VISTA,PARANÁ",SENADOR,PAULO MARTINS
"SÃO JOSÉ DAS PALMEIRAS,PARANÁ",GOVERNADOR,RATINHO JUNIOR
"SÃO JOSÉ DAS PALMEIRAS,PARANÁ",SENADOR,PAULO MARTINS
"SÃO JOSÉ DOS PINHAIS,PARANÁ",GOVERNADOR,RATINHO JUNIOR
"SÃO JOSÉ DOS PINHAIS,PARANÁ",SENADOR,SERGIO MORO
"SÃO JOÃO DO CAIUÁ,PARANÁ",GOVERNADOR,RATINHO JUNIOR
"SÃO JOÃO DO CAIUÁ,PARANÁ",SENADOR,ALVARO DIAS
"SÃO JOÃO DO IVAÍ,PARANÁ",GOVERNADOR,RATINHO JUNIOR
"SÃO JOÃO DO IVAÍ,PARANÁ",SENADOR,SERGIO MORO
"SÃO JOÃO DO TRIUNFO,PARANÁ",GOVERNADOR,RATINHO JUNIOR
"SÃO JOÃO DO TRIUNFO,PARANÁ",SENADOR,ALVARO DIAS
"SÃO JOÃO,PARANÁ",GOVERNADOR,RATINHO JUNIOR
"SÃO JOÃO,PARANÁ",SENADOR,PAULO MARTINS
"SÃO MANOEL DO PARANÁ,PARANÁ",GOVERNADOR,RATINHO JUNIOR
"SÃO MANOEL DO PARANÁ,PARANÁ",SENADOR,ALVARO DIAS
"SÃO MATEUS DO SUL,PARANÁ",GOVERNADOR,RATINHO JUNIOR
"SÃO MATEUS DO SUL,PARANÁ",SENADOR,ALVARO DIAS
"SÃO MIGUEL DO IGUAÇU,PARANÁ",GOVERNADOR,RATINHO JUNIOR
"SÃO MIGUEL DO IGUAÇU,PARANÁ",SENADOR,PAULO MARTINS
"SÃO PEDRO DO IGUAÇU,PARANÁ",GOVERNADOR,RATINHO JUNIOR
"SÃO PEDRO DO IGUAÇU,PARANÁ",SENADOR,PAULO MARTINS
"SÃO PEDRO DO IVAÍ,PARANÁ",GOVERNADOR,RATINHO JUNIOR
"SÃO PEDRO DO IVAÍ,PARANÁ",SENADOR,ALVARO DIAS
"SÃO PEDRO DO PARANÁ,PARANÁ",GOVERNADOR,RATINHO JUNIOR
"SÃO PEDRO DO PARANÁ,PARANÁ",SENADOR,PAULO MARTINS
"SÃO SEBASTIÃO DA AMOREIRA,PARANÁ",GOVERNADOR,RATINHO JUNIOR
"SÃO SEBASTIÃO DA AMOREIRA,PARANÁ",SENADOR,ALVARO DIAS
"SÃO TOMÉ,PARANÁ",GOVERNADOR,RATINHO JUNIOR
"SÃO TOMÉ,PARANÁ",SENADOR,PAULO MARTINS
"TAMARANA,PARANÁ",GOVERNADOR,RATINHO JUNIOR
"TAMARANA,PARANÁ",SENADOR,ALINE SLEUTJES
"TAMBOARA,PARANÁ",GOVERNADOR,RATINHO JUNIOR
"TAMBOARA,PARANÁ",SENADOR,ALVARO DIAS
"TAPEJARA,PARANÁ",GOVERNADOR,RATINHO JUNIOR
"TAPEJARA,PARANÁ",SENADOR,PAULO MARTINS
"TAPIRA,PARANÁ",GOVERNADOR,RATINHO JUNIOR
"TAPIRA,PARANÁ",SENADOR,PAULO MARTINS
"TEIXEIRA SOARES,PARANÁ",GOVERNADOR,RATINHO JUNIOR
"TEIXEIRA SOARES,PARANÁ",SENADOR,SERGIO MORO
"TELÊMACO BORBA,PARANÁ",GOVERNADOR,RATINHO JUNIOR
"TELÊMACO BORBA,PARANÁ",SENADOR,SERGIO MORO
"TERRA BOA,PARANÁ",GOVERNADOR,RATINHO JUNIOR
"TERRA BOA,PARANÁ",SENADOR,PAULO MARTINS
"TERRA RICA,PARANÁ",GOVERNADOR,RATINHO JUNIOR
"TERRA RICA,PARANÁ",SENADOR,PAULO MARTINS
"TERRA ROXA,PARANÁ",GOVERNADOR,RATINHO JUNIOR
"TERRA ROXA,PARANÁ",SENADOR,PAULO MARTINS
"TIBAGI,PARANÁ",GOVERNADOR,RATINHO JUNIOR
"TIBAGI,PARANÁ",SENADOR,SERGIO MORO
"TIJUCAS DO SUL,PARANÁ",GOVERNADOR,RATINHO JUNIOR
"TIJUCAS DO SUL,PARANÁ",SENADOR,SERGIO MORO
"TOLEDO,PARANÁ",GOVERNADOR,RATINHO JUNIOR
"TOLEDO,PARANÁ",SENADOR,PAULO MARTINS
"TOMAZINA,PARANÁ",GOVERNADOR,RATINHO JUNIOR
"TOMAZINA,PARANÁ",SENADOR,PAULO MARTINS
"TRÊS BARRAS DO PARANÁ,PARANÁ",GOVERNADOR,RATINHO JUNIOR
"TRÊS BARRAS DO PARANÁ,PARANÁ",SENADOR,PAULO MARTINS
"TUNAS DO PARANÁ,PARANÁ",GOVERNADOR,RATINHO JUNIOR
"TUNAS DO PARANÁ,PARANÁ",SENADOR,ALVARO DIAS
"TUNEIRAS DO OESTE,PARANÁ",GOVERNADOR,RATINHO JUNIOR
"TUNEIRAS DO OESTE,PARANÁ",SENADOR,PAULO MARTINS
"TUPÃSSI,PARANÁ",GOVERNADOR,RATINHO JUNIOR
"TUPÃSSI,PARANÁ",SENADOR,PAULO MARTINS
"TURVO,PARANÁ",GOVERNADOR,RATINHO JUNIOR
"TURVO,PARANÁ",SENADOR,ALVARO DIAS
"UBIRATÃ,PARANÁ",GOVERNADOR,RATINHO JUNIOR
"UBIRATÃ,PARANÁ",SENADOR,PAULO MARTINS
"UMUARAMA,PARANÁ",GOVERNADOR,RATINHO JUNIOR
"UMUARAMA,PARANÁ",SENADOR,PAULO MARTINS
"UNIFLOR,PARANÁ",GOVERNADOR,RATINHO JUNIOR
"UNIFLOR,PARANÁ",SENADOR,ALVARO DIAS
"UNIÃO DA VITÓRIA,PARANÁ",GOVERNADOR,RATINHO JUNIOR
"UNIÃO DA VITÓRIA,PARANÁ",SENADOR,SERGIO MORO
"URAÍ,PARANÁ",GOVERNADOR,RATINHO JUNIOR
"URAÍ,PARANÁ",SENADOR,PAULO MARTINS
"VENTANIA,PARANÁ",GOVERNADOR,RATINHO JUNIOR
"VENTANIA,PARANÁ",SENADOR,ALVARO DIAS
"VERA CRUZ DO OESTE,PARANÁ",GOVERNADOR,RATINHO JUNIOR
"VERA CRUZ DO OESTE,PARANÁ",SENADOR,PAULO MARTINS
"VERÊ,PARANÁ",GOVERNADOR,RATINHO JUNIOR
"VERÊ,PARANÁ",SENADOR,ALVARO DIAS
"VIRMOND,PARANÁ",GOVERNADOR,RATINHO JUNIOR
"VIRMOND,PARANÁ",SENADOR,ALVARO DIAS
"VITORINO,PARANÁ",GOVERNADOR,RATINHO JUNIOR
"VITORINO,PARANÁ",SENADOR,SERGIO MORO
"WENCESLAU BRAZ,PARANÁ",GOVERNADOR,RATINHO JUNIOR
"WENCESLAU BRAZ,PARANÁ",SENADOR,ALVARO DIAS
"XAMBRÊ,PARANÁ",GOVERNADOR,RATINHO JUNIOR
"XAMBRÊ,PARANÁ",SENADOR,PAULO MARTINS
"ÂNGULO,PARANÁ",GOVERNADOR,RATINHO JUNIOR
"ÂNGULO,PARANÁ",SENADOR,ALVARO DIAS
